"App","Disposition","Reason"
"3CX Desktop App","Skip-Agent","UC/telephony clients provisioned per tenant"
"3CXPhone for Windows","Skip-Agent","UC/telephony clients provisioned per tenant"
"3DF Zephyr Free","Skip-Niche","photogrammetry vertical"
"3DxWare 10","Skip-Component","3Dconnexion device driver suite"
"4K Video Downloader","Skip-Niche","consumer media software"
"4K Video Downloader+","Skip-Niche","consumer media software"
"7-Zip","Supported","existing packager: 7zip"
"8x8 Work","Skip-Agent","UC/telephony clients provisioned per tenant"
"AbaClient","Skip-Niche","Swiss Abacus ERP client"
"Able2Extract Professional","Skip-Licensed","licensed PDF tools; free PDF stack covered elsewhere"
"Acro Software CutePDF Writer","Supported","existing packager: cutepdfwriter"
"ActiveState Software Komodo Edit","Skip-EOL","Komodo discontinued"
"ActiveState Software Komodo IDE","Skip-EOL","Komodo discontinued"
"Adobe AIR","Skip-EOL","HARMAN-maintained, EOL for general web use; licensing changed"
"Agent Ransack","Added-1.4.0.16","free direct download, enterprise-relevant; port target [ported, stage-verified 2026-08-31]"
"AIMP","Added-1.4.0.16","free direct download, enterprise-relevant; port target [ported, stage-verified 2026-08-31]"
"Air Explorer","Skip-Licensed","licensed sync/FTP tools; free WinSCP/FileZilla-class covered"
"Aircall for desktop","Skip-Agent","UC/telephony clients provisioned per tenant"
"AirParrot 2","Skip-Niche","AV-room/casting vertical tools"
"Akiflow","Skip-Niche","subscription SaaS wrapper"
"alfaview","Skip-Niche","regional conferencing client"
"Allway Sync","Skip-Licensed","licensed sync/FTP tools; free WinSCP/FileZilla-class covered"
"ALLPlayer","Skip-Niche","consumer media software"
"Altova XMLSpy Enterprise 2023","Skip-Licensed","licensed XML tooling"
"Amazon AWS Command Line Interface","Added-1.4.0.16","free direct download, enterprise-relevant; port target [ported, stage-verified 2026-08-31]"
"Amazon AWS Tools for Windows","Added-1.4.0.16","free direct download, enterprise-relevant; port target [ported, stage-verified 2026-08-31] [note: MSI bundle frozen since 2023-10; AWS steers to PowerShell Gallery AWS.Tools - shipped as works-but-legacy]"
"Amazon AWS VPN Client","Added-1.4.0.16","free direct download from AWS [ported, stage-verified 2026-08-31]"
"Amazon Corretto 18","Skip-Splinter","non-LTS Corretto; LTS lines 8/11/17/21/25 are supported"
"Amazon Corretto JDK 8","Supported","corretto-jdk LTS packagers (8/11/17/21/25 lines maintained)"
"Amazon Corretto JDK 11","Supported","corretto-jdk LTS packagers (8/11/17/21/25 lines maintained)"
"Amazon Corretto JDK 15","Skip-Splinter","non-LTS Corretto; LTS lines 8/11/17/21/25 are supported"
"Amazon Corretto JDK 16","Skip-Splinter","non-LTS Corretto; LTS lines 8/11/17/21/25 are supported"
"Amazon Corretto JDK 17","Supported","corretto-jdk LTS packagers (8/11/17/21/25 lines maintained)"
"Amazon Corretto JDK 19","Skip-Splinter","non-LTS Corretto; LTS lines 8/11/17/21/25 are supported"
"Amazon DCV Client","Added-1.4.0.16","free direct download, enterprise-relevant; port target [ported, stage-verified 2026-08-31]"
"Amazon Kindle","Skip-Niche","consumer media software"
"Amazon Redshift ODBC driver","Added-1.4.0.16","free direct driver download [ported, stage-verified 2026-08-31]"
"Amazon WorkSpaces","Added-1.4.0.16","free direct download, enterprise-relevant; port target [ported, stage-verified 2026-08-31]"
"Android Studio 2022","Added-1.4.0.16","Google free direct download; one packager tracks latest [ported, stage-verified 2026-08-31]"
"Android Studio 3","Skip-Splinter","old Android Studio; latest tracked"
"Android Studio 4","Skip-Splinter","old Android Studio; latest tracked"
"AnyBurn","Added-1.4.0.16","free direct download, enterprise-relevant; port target [ported, stage-verified 2026-08-31]"
"AnyDesk","Supported","existing packager: anydesk"
"AnyLogic Professional","Skip-Licensed","licensed simulation"
"AnyLogic University","Skip-Licensed","licensed simulation"
"Anywhere365 Integrator","Skip-Agent","UC/telephony clients provisioned per tenant"
"App Dynamic AirServer Universal","Skip-Niche","AV-room/casting vertical tools"
"Appgate SDP Client","Skip-Agent","ZTNA client tied to org controller"
"Apple iTunes","Skip-Niche","consumer media software"
"Aptakube","Skip-Licensed","licensed Kubernetes GUI"
"Araxis Merge","Skip-Licensed","licensed diff tool"
"ArcticLine Software Jet Screenshot","Skip-Niche","consumer screenshot tools; ShareX/Greenshot supported"
"Arduino IDE","Added-1.4.0.16","free direct download, enterprise-relevant; port target [ported, stage-verified 2026-08-31]"
"Articulate 360","Skip-Licensed","licensed e-learning suite"
"Articulate Replay 360","Skip-Licensed","licensed e-learning suite"
"Articulate Studio 360","Skip-Licensed","licensed e-learning suite"
"Artweaver Free","Skip-Niche","consumer art tool"
"ASAP Utilities","Skip-Licensed","licensed for business use"
"ASUS Remote Drive","Skip-Component","OEM device utilities; deploy via OEM tooling where hardware-matched"
"Astute Manager","Skip-Niche","plugin manager for licensed suite"
"Atlassian Companion","Skip-EOL","deprecated by Atlassian"
"Atlassian Confluence","Skip-Niche","server product, not endpoint software"
"Atomi Systems ActivePresenter","Skip-Niche","niche authoring tools"
"Atostek ID","Skip-Niche","vertical/regional line-of-business software"
"Audacity","Supported","existing packager: audacity"
"Autodesk Access","Skip-Wall","Autodesk account/licensing ecosystem"
"Autodesk Design Review 2018","Skip-Wall","Autodesk account/licensing ecosystem"
"Autodesk Identity Manager","Skip-Wall","Autodesk account/licensing ecosystem"
"Autodesk Interoperability Tools","Skip-Wall","Autodesk account/licensing ecosystem"
"Autodesk Single Signon Component","Skip-Wall","Autodesk account/licensing ecosystem"
"AVer Information A+ Suite","Skip-Niche","AV-room/casting vertical tools"
"AVS Image Converter","Skip-Niche","consumer media software"
"AVS Media Player","Skip-Niche","consumer media software"
"AWS SAM command line interface","Added-1.4.0.16","free direct download, enterprise-relevant; port target [ported, stage-verified 2026-08-31]"
"AWS Session Manager Plugin","Added-1.4.0.16","free direct download, enterprise-relevant; port target [ported, stage-verified 2026-08-31]"
"AxCrypt","Added-1.4.0.16","free direct download, enterprise-relevant; port target [ported, stage-verified 2026-08-31]"
"Axel Rietschin Software Developments FastPictureViewer Professional","Skip-EOL","abandoned"
"Axure RP","Skip-Licensed","licensed UX tool"
"Azure Functions Core Tools","Added-1.4.0.16","free direct download, enterprise-relevant; port target [ported, stage-verified 2026-08-31]"
"Bambu Studio","Added-1.4.0.16","free direct (GitHub releases) [ported, stage-verified 2026-08-31]"
"BandiView","Skip-Niche","consumer image viewer"
"Beam Studio","Skip-Niche","laser-cutter vertical"
"Beats Winlogbeat","Skip-Agent","stack-configured shipper"
"Belgium e-ID viewer","Skip-Niche","vertical/regional line-of-business software"
"Beyond Compare","Skip-Licensed","licensed diff tool (trial installer only)"
"Beyond Identity","Skip-Agent","tenant-provisioned authenticator"
"BleachBit","Added-1.4.0.16","free direct download, enterprise-relevant; port target [ported, stage-verified 2026-08-31]"
"Blender","Added-1.4.0.16","free direct download, enterprise-relevant; port target [ported, stage-verified 2026-08-31]"
"Blender Foundation Blender","Skip-Splinter","duplicate of Blender row (Add)"
"BlueJeans 2","Skip-Agent","UC/telephony clients provisioned per tenant"
"Box CLI","Skip-Component","CLI tool, low deployment value"
"Box Drive","Added-1.4.0.16","free MSI, direct download [ported, stage-verified 2026-08-31]"
"Brady Workstation","Skip-Niche","vertical/regional line-of-business software"
"BREAK PRO","Skip-Niche","regional wellness product"
"Bria Enterprise","Skip-Agent","UC/telephony clients provisioned per tenant"
"Bridge Designer 2016","Skip-Niche","education vertical"
"BrightAuthor connected","Skip-Niche","digital signage vertical"
"BrowserStackLocal","Skip-Agent","account-keyed tunnel binary"
"Bulk Crap Uninstaller","Added-1.4.0.16","free direct download, enterprise-relevant; port target [ported, stage-verified 2026-08-31]"
"Bullzip PDF to Word","Skip-Licensed","licensed PDF tools; free PDF stack covered elsewhere"
"BurnAware Free","Added-1.4.0.16","free direct download, enterprise-relevant; port target [ported, stage-verified 2026-08-31]"
"Burp Suite Community Edition","Skip-Wall","PortSwigger gated anonymous downloads as of 2026.4 (2026.4-2026.8 return HTML redirect to portswigger.net; 2026.3 and older still stream) - verified 2026-08-31"
"Burp Suite Professional Edition","Skip-Licensed","licensed security tooling"
"Business Tax Software BLR","Skip-Niche","vertical/regional line-of-business software"
"Bytello Share","Skip-Niche","AV-room/casting vertical tools"
"Calibrite Profiler","Added-1.4.0.16","free direct download, enterprise-relevant; port target [ported, stage-verified 2026-08-31]"
"Camtasia Studio 2018","Skip-Licensed","TechSmith licensed product, old years listed"
"Camtasia Studio 2019","Skip-Licensed","TechSmith licensed product, old years listed"
"Caphyon Advanced Installer","Skip-Licensed","licensed authoring tool"
"Capture One 20","Skip-Licensed","licensed photo editing, old versions listed"
"Capture One 22","Skip-Licensed","licensed photo editing, old versions listed"
"Cato Client","Skip-Agent","SASE client tied to org"
"Causasoft ExhibitManager","Skip-Niche","vertical/regional line-of-business software"
"Certify The Web","Added-1.4.0.16","free direct download, enterprise-relevant; port target [ported, stage-verified 2026-08-31]"
"Charles","Skip-Licensed","licensed proxy"
"Chatbox","Skip-Niche","consumer AI chat wrapper"
"Chef Workstation for Windows","Added-1.4.0.16","free direct download [ported, stage-verified 2026-08-31]"
"Cisco Jabber 14","Skip-Wall","Cisco software center requires entitled login"
"Cisco Jabber 15","Skip-Wall","Cisco software center requires entitled login"
"Cisco JVDI Agent 12","Skip-Wall","Cisco software center requires entitled login"
"Cisco JVDI Agent 14","Skip-Wall","Cisco software center requires entitled login"
"Cisco JVDI Agent 15","Skip-Wall","Cisco software center requires entitled login"
"Cisco Webex Meetings","Supported","webex packager"
"Cisco Webex Productivity Tools","Skip-Splinter","legacy Webex components; Webex app supported"
"Cisco WebEx Recorder and Player","Skip-Splinter","legacy Webex components; Webex app supported"
"Cisco WebEx Recording Editor","Skip-Splinter","legacy Webex components; Webex app supported"
"Cisco Webex Teams","Skip-Splinter","legacy Webex components; Webex app supported"
"Citrix Receiver","Skip-EOL","replaced by Workspace app"
"Citrix Workspace app","Supported","citrixworkspace-cr packager"
"Citrix Workspace app LTSR","Skip-Wall","LTSR requires entitled Citrix login"
"Class","Skip-Niche","education vertical"
"Classic Shell","Skip-EOL","abandoned 2017 (Open-Shell fork not in catalog)"
"ClassPoint","Skip-Niche","education vertical"
"ClipboardFusion","Skip-Niche","consumer utility (freemium)"
"ClockAssist","Skip-Niche","regional time-tracking SaaS"
"Clockify","Add","free direct download, enterprise-relevant; port target"
"Cloud Drive Mapper","Skip-Licensed","licensed (IAM Cloud)"
"CloudCompare","Add","free direct download, enterprise-relevant; port target"
"Cloudflare WARP","Add","free direct download, enterprise-relevant; port target"
"CloudShow","Skip-Niche","digital signage vertical"
"CMake","Add","free direct download, enterprise-relevant; port target"
"CodeMeter Runtime Kit","Add","free runtime redistributable, direct download (WIBU)"
"Colour Contrast Analyser","Add","free direct download, enterprise-relevant; port target"
"ComponentAgro CHECK PC2Web","Skip-Niche","vertical/regional line-of-business software"
"CPU-Z","Supported","existing packager: cpuz"
"Creative Force Kelvin","Skip-Niche","vertical/regional line-of-business software"
"Creative Force Triad","Skip-Niche","vertical/regional line-of-business software"
"Crestron AirMedia app","Skip-Niche","AV-room/casting vertical tools"
"Crestron AirMedia Peripheral Installer","Skip-Niche","AV-room/casting vertical tools"
"CrisisGo App","Skip-Niche","tenant safety platform"
"Cryptomator","Add","free direct download, enterprise-relevant; port target"
"Cube Browser","Skip-Niche","niche"
"CutePDF Writer","Supported","existing packager: cutepdfwriter"
"Cyberduck CLI","Skip-Splinter","duck CLI covered by Cyberduck packager"
"Dane Prairie Systems Win2PDF","Skip-Licensed","licensed PDF tools; free PDF stack covered elsewhere"
"Datadog Agent","Skip-Agent","installer public but install requires tenant API key at install time; borderline - excluded to keep packagers self-contained"
"DataGrip 1.0","Skip-Splinter","old DataGrip years; latest tracked by one packager"
"DataGrip 2016.3","Skip-Splinter","old DataGrip years; latest tracked by one packager"
"DataGrip 2020.3","Skip-Splinter","old DataGrip years; latest tracked by one packager"
"DataGrip 2021.1","Skip-Splinter","old DataGrip years; latest tracked by one packager"
"DataGrip 2021.2","Skip-Splinter","old DataGrip years; latest tracked by one packager"
"DataGrip 2021.3","Skip-Splinter","old DataGrip years; latest tracked by one packager"
"DataGrip 2022.1","Skip-Splinter","old DataGrip years; latest tracked by one packager"
"DataGrip 2022.2","Skip-Splinter","old DataGrip years; latest tracked by one packager"
"DataGrip 2024","Skip-Splinter","family collapsed to one packager (represented by 'DataGrip 2024.1')"
"DataGrip 2024.1","Add","JetBrains free direct download; one packager tracks latest"
"DataSpell","Skip-Licensed","licensed JetBrains IDE"
"David Kocher Cyberduck","Add","free direct download, enterprise-relevant; port target"
"DAX Studio","Add","free direct download, enterprise-relevant; port target"
"DB Browser for SQLite","Add","free direct download, enterprise-relevant; port target"
"DBeaver Community","Supported","dbeaver packager"
"DBeaver Enterprise","Skip-Licensed","commercial DBeaver editions"
"DBeaver Lite","Skip-Licensed","commercial DBeaver editions"
"DBeaver Ultimate","Skip-Licensed","commercial DBeaver editions"
"DbVisualizer","Add","free direct download, enterprise-relevant; port target"
"Dedoose Desktop App","Skip-Niche","research SaaS wrapper"
"Defraggler","Add","free direct download, enterprise-relevant; port target"
"Delinea Connection Manager","Skip-Agent","PAM agents tied to tenant infrastructure"
"Dell Command Update","Add","enterprise-standard Dell updater, free direct"
"Dell Command Update (Windows Universal Application)","Skip-Splinter","family collapsed to one packager (represented by 'Dell Command Update')"
"Dell Display Manager","Skip-Component","OEM device utilities; deploy via OEM tooling where hardware-matched"
"Dell EMC System Update","Skip-Component","OEM device utilities; deploy via OEM tooling where hardware-matched"
"Dell Peripheral Manager","Skip-Component","OEM device utilities; deploy via OEM tooling where hardware-matched"
"Dell SupportAssist","Skip-Component","OEM device utilities; deploy via OEM tooling where hardware-matched"
"Devolutions Launcher","Skip-Component","companion to RDM"
"Devolutions Remote Desktop Manager","Add","free edition direct download"
"Devolutions Remote Desktop Manager Agent","Skip-Component","RDM companion agent"
"Devolutions Workspace","Skip-Component","companion app"
"DevPod","Skip-EOL","Loft archived DevPod 2025"
"digiSeal Reader","Skip-Niche","vertical/regional line-of-business software"
"DiRoots ProSheets","Skip-Component","Revit add-in"
"Directory Opus","Skip-Licensed","licensed file manager"
"DisplayLink Dock Driver","Add","free direct driver, enterprise-standard for docks"
"Ditto Connect","Skip-Niche","screen-mirroring vertical"
"dnGrep","Add","free direct download, enterprise-relevant; port target"
"Docker Desktop","Skip-Licensed","free only for small orgs; license terms gate enterprise deployment"
"docuPrinter LT","Skip-Licensed","licensed PDF tools; free PDF stack covered elsewhere"
"docuPrinter PRO","Skip-Licensed","licensed PDF tools; free PDF stack covered elsewhere"
"docuPrinter TSE","Skip-Licensed","licensed PDF tools; free PDF stack covered elsewhere"
"Draftable Desktop","Add","free direct download, enterprise-relevant; port target"
"draw.io Desktop","Supported","existing packager: drawio"
"DroidCam Client","Skip-Niche","consumer webcam tool"
"dRofus","Skip-Niche","vertical/regional line-of-business software"
"Druva inSync","Skip-Agent","tenant-provisioned backup agent"
"Duo Desktop","Add","public installer; org enrollment happens post-install"
"DYMO ID","Skip-Component","label printer vendor software"
"Eclipse Temurin JDK with Hotspot 8 (LTS)","Supported","temurin LTS packagers"
"Eclipse Temurin JDK with Hotspot 11 (LTS)","Supported","temurin LTS packagers"
"Eclipse Temurin JDK with Hotspot 12","Skip-Splinter","non-LTS Temurin; LTS lines supported"
"Eclipse Temurin JDK with Hotspot 15","Skip-Splinter","non-LTS Temurin; LTS lines supported"
"Eclipse Temurin JDK with Hotspot 16","Skip-Splinter","non-LTS Temurin; LTS lines supported"
"Eclipse Temurin JDK with Hotspot 17 (LTS)","Supported","temurin LTS packagers"
"Eclipse Temurin JDK with Hotspot 18","Skip-Splinter","non-LTS Temurin; LTS lines supported"
"Eclipse Temurin JDK with Hotspot 19","Skip-Splinter","non-LTS Temurin; LTS lines supported"
"Eclipse Temurin JDK with Hotspot 20","Skip-Splinter","non-LTS Temurin; LTS lines supported"
"Eclipse Temurin JDK with Hotspot 21","Skip-Splinter","non-LTS Temurin; LTS lines supported"
"Eclipse Temurin JDK with Hotspot 22","Skip-Splinter","non-LTS Temurin; LTS lines supported"
"Eclipse Temurin JDK with Hotspot 23","Skip-Splinter","non-LTS Temurin; LTS lines supported"
"Eclipse Temurin JRE with Hotspot 8 (LTS)","Supported","temurin LTS packagers"
"Eclipse Temurin JRE with Hotspot 11 (LTS)","Supported","temurin LTS packagers"
"Eclipse Temurin JRE with Hotspot 12","Skip-Splinter","non-LTS Temurin; LTS lines supported"
"Eclipse Temurin JRE with Hotspot 15","Skip-Splinter","non-LTS Temurin; LTS lines supported"
"Eclipse Temurin JRE with Hotspot 16","Skip-Splinter","non-LTS Temurin; LTS lines supported"
"Eclipse Temurin JRE with Hotspot 17 (LTS)","Supported","temurin LTS packagers"
"Eclipse Temurin JRE with Hotspot 18","Skip-Splinter","non-LTS Temurin; LTS lines supported"
"Eclipse Temurin JRE with Hotspot 19","Skip-Splinter","non-LTS Temurin; LTS lines supported"
"Eclipse Temurin JRE with Hotspot 20","Skip-Splinter","non-LTS Temurin; LTS lines supported"
"Eclipse Temurin JRE with Hotspot 22","Skip-Splinter","non-LTS Temurin; LTS lines supported"
"Eclipse Temurin JRE with Hotspot 23","Skip-Splinter","non-LTS Temurin; LTS lines supported"
"Egnyte Connect Desktop App","Skip-Agent","tenant-provisioned"
"Egnyte WebEdit","Skip-Agent","tenant companion"
"Elgato Stream Deck","Skip-Component","peripheral utility"
"Elevate UC","Skip-Agent","UC/telephony clients provisioned per tenant"
"Encrypt.me","Skip-EOL","service shut down (StrongVPN merge)"
"Endnote 20","Skip-Licensed","licensed reference manager"
"Endnote X8","Skip-Licensed","licensed reference manager"
"Endnote X9","Skip-Licensed","licensed reference manager"
"Enpass","Skip-Licensed","licensed password manager"
"EnterpriseDB Corporation PostgreSQL 12","Skip-EOL","PG12 EOL; postgresql13-17 packagers exist"
"ESET Endpoint Antivirus V9","Skip-Agent","managed AV tied to ESET console/licensing"
"ESET Endpoint Antivirus V10","Skip-Agent","managed AV tied to ESET console/licensing"
"ESET Endpoint Antivirus V12","Skip-Agent","managed AV tied to ESET console/licensing"
"ESET Endpoint Encryption","Skip-Agent","managed AV tied to ESET console/licensing"
"ESET Endpoint Security V9","Skip-Agent","managed AV tied to ESET console/licensing"
"ESET Endpoint Security V12","Skip-Agent","managed AV tied to ESET console/licensing"
"Evernote","Skip-Niche","consumer note app with forced-update service; low enterprise value"
"exacqVision Client","Skip-Niche","VMS vertical"
"EZB Systems UltraISO","Skip-Licensed","licensed disc utilities"
"FactSet Workstation","Skip-Niche","vertical/regional line-of-business software"
"FastPictureViewer Professional","Skip-EOL","abandoned"
"FastStone Soft Capture","Skip-Niche","consumer screenshot tools; ShareX/Greenshot supported"
"FastStone Soft Image Viewer","Skip-Niche","consumer screenshot tools; ShareX/Greenshot supported"
"FastStone Soft Photo Resizer","Skip-Niche","consumer screenshot tools; ShareX/Greenshot supported"
"FileZilla","Skip-Niche","bundled-offer installer unsuited to silent automation (prior validation)"
"Filius","Skip-Niche","education vertical"
"FlashFXP","Skip-Licensed","licensed sync/FTP tools; free WinSCP/FileZilla-class covered"
"FlexWhere for Desktop","Skip-Niche","regional workplace SaaS"
"Forté Agent","Skip-EOL","usenet client, development ceased"
"Fortify","Skip-Licensed","licensed security tooling"
"Foxit PDF Editor 11","Skip-Licensed","licensed Foxit editors, old versions listed"
"Foxit PDF Editor 12","Skip-Licensed","licensed Foxit editors, old versions listed"
"Foxit PDF Editor 13","Skip-Licensed","licensed Foxit editors, old versions listed"
"Foxit PDF Editor 2024","Skip-Licensed","licensed Foxit editors, old versions listed"
"Foxit PDF Editor Pro 11","Skip-Licensed","licensed Foxit editors, old versions listed"
"Foxit PDF Editor Pro 11 (Multi-Language)","Skip-Licensed","licensed Foxit editors, old versions listed"
"Foxit PDF Editor Pro 13","Skip-Licensed","licensed Foxit editors, old versions listed"
"Foxit PDF Reader","Skip-Niche","installer behavior (bundled offers) unsuited to silent automation; excluded by prior validation"
"Foxit PhantomPDF 10","Skip-Licensed","licensed Foxit editors, old versions listed"
"Foxit PhantomPDF Pro 10","Skip-Licensed","licensed Foxit editors, old versions listed"
"Foxit PhantomPDF Pro 10 (Multi-Language)","Skip-Licensed","licensed Foxit editors, old versions listed"
"Frame App","Skip-Agent","Nutanix DaaS tenant client"
"Free Countdown Timer","Skip-Niche","trivial utility"
"FreeCAD","Add","free direct download, enterprise-relevant; port target"
"Front Desktop","Skip-Niche","SaaS wrapper"
"FTP Rush v3","Skip-Licensed","licensed sync/FTP tools; free WinSCP/FileZilla-class covered"
"Fusion 2025","Skip-Licensed","licensed (Clickteam)"
"Fuzzy Lookup Add-In For Excel","Skip-EOL","ancient unmaintained MS add-in"
"FXHOME HitFilm Express","Skip-Licensed","licensed creative software"
"Gadwin PrintScreen","Skip-Niche","consumer screenshot tools; ShareX/Greenshot supported"
"Gadwin PrintScreenPro","Skip-Niche","consumer screenshot tools; ShareX/Greenshot supported"
"Gadwin ScreenRecorder","Skip-Niche","consumer screenshot tools; ShareX/Greenshot supported"
"Galaxy Modeler","Skip-Niche","niche modeler family"
"Garden Gnome Package Viewer","Skip-Niche","niche authoring tools"
"Garmin BaseCamp","Skip-Niche","consumer device software"
"Garmin Express","Skip-Niche","consumer device software"
"General Workings Streamlabs OBS","Skip-Niche","consumer streaming; OBS itself not in catalog"
"Genesys Cloud","Skip-Agent","UC/telephony clients provisioned per tenant"
"Genesys Cloud Background Assistant","Skip-Agent","UC/telephony clients provisioned per tenant"
"GeoGebra 5","Skip-Splinter","family collapsed to one packager (represented by 'GeoGebra 6')"
"GeoGebra 6","Add","free educational math suite, direct download"
"Geomilieu","Skip-Niche","vertical/regional line-of-business software"
"Gephi","Add","free direct download, enterprise-relevant; port target"
"GIMP","Supported","existing packager: gimp"
"Git","Supported","existing packager: git"
"GitHub CLI","Add","free direct download, enterprise-relevant; port target"
"GnuPG VS-Desktop","Add","free direct download, enterprise-relevant; port target"
"GoAnywhere OpenPGP Studio","Skip-Wall","registration wall"
"Golden 6","Skip-Niche","licensed geology software family"
"Golden 7","Skip-Niche","licensed geology software family"
"Golden 8","Skip-Niche","licensed geology software family"
"GoLand 2017.3","Skip-Splinter","old GoLand years; latest tracked"
"GoLand 2021.1","Skip-Splinter","old GoLand years; latest tracked"
"GoLand 2022.2","Skip-Splinter","old GoLand years; latest tracked"
"GoLand 2024","Add","JetBrains free direct download; tracks latest"
"GoodSync 12","Skip-Licensed","licensed sync/FTP tools; free WinSCP/FileZilla-class covered"
"GoodSync Personal","Skip-Licensed","licensed sync/FTP tools; free WinSCP/FileZilla-class covered"
"Google Ads Editor","Skip-Niche","niche ad tooling"
"Google Backup and Sync","Skip-EOL","replaced by Drive for desktop"
"Google Chrome for Business","Supported","existing packager: chrome"
"Google Chrome Remote Desktop Host","Add","free MSI direct"
"Google Credential Provider for Windows","Add","free direct MSI, enterprise SSO component"
"Google Drive","Add","Google Drive for desktop, enterprise standard, free direct"
"Google Drive File Stream","Skip-Splinter","same product as Google Drive for desktop (Add)"
"Google Go Programming Language 1.16","Skip-Splinter","family collapsed to one packager (represented by 'Google Go Programming Language 1.22')"
"Google Go Programming Language 1.17","Skip-Splinter","family collapsed to one packager (represented by 'Google Go Programming Language 1.22')"
"Google Go Programming Language 1.18","Skip-Splinter","family collapsed to one packager (represented by 'Google Go Programming Language 1.22')"
"Google Go Programming Language 1.19","Skip-Splinter","family collapsed to one packager (represented by 'Google Go Programming Language 1.22')"
"Google Go Programming Language 1.20","Skip-Splinter","family collapsed to one packager (represented by 'Google Go Programming Language 1.22')"
"Google Go Programming Language 1.21","Skip-Splinter","family collapsed to one packager (represented by 'Google Go Programming Language 1.22')"
"Google Go Programming Language 1.22","Add","single golang packager tracking latest stable"
"Google Web Designer","Skip-Niche","niche ad tooling"
"GoTo Connect","Skip-Agent","LogMeIn/GoTo deployments are account-generated installers"
"Gpg4win","Add","free direct download, enterprise-relevant; port target"
"GraphDB Desktop","Skip-Wall","registration wall (Ontotext)"
"Graphviz","Add","free direct download, enterprise-relevant; port target"
"grepWin","Add","free direct download, enterprise-relevant; port target"
"gsudo","Add","free direct download, enterprise-relevant; port target"
"HandBrake","Add","free direct download, enterprise-relevant; port target"
"Hanword HWP document converter for Microsoft Word 2016","Skip-EOL","legacy converter"
"HashTools","Add","free direct download, enterprise-relevant; port target"
"HeidiSQL","Add","free direct download, enterprise-relevant; port target"
"HIPIN v4","Skip-Niche","regional eID tool"
"Horizon Collaborate","Skip-Agent","UC tenant client"
"HP Client Management Script Library","Skip-Component","PowerShell library, not an app"
"HP Prime Virtual Calculator","Skip-Niche","education vertical"
"Huddle Desktop","Skip-Agent","tenant collaboration client"
"HWMonitor","Add","free direct download, enterprise-relevant; port target"
"IAP Desktop","Add","Google free direct (GitHub releases)"
"Ibis Calculeren voor Bouw","Skip-Niche","vertical/regional line-of-business software"
"Ibis Calculeren voor Infra","Skip-Niche","vertical/regional line-of-business software"
"IBM Aspera Connect","Add","free transfer client, direct download"
"IBM Semeru Runtime Open Edition JDK 8 (LTS)","Add","Semeru LTS - free direct downloads (OpenJ9)"
"IBM Semeru Runtime Open Edition JDK 11 (LTS)","Add","Semeru LTS - free direct downloads (OpenJ9)"
"IBM Semeru Runtime Open Edition JDK 16","Skip-Splinter","non-LTS Semeru; LTS lines added instead"
"IBM Semeru Runtime Open Edition JDK 17 (LTS)","Add","Semeru LTS - free direct downloads (OpenJ9)"
"IBM Semeru Runtime Open Edition JDK 18","Skip-Splinter","non-LTS Semeru; LTS lines added instead"
"IBM Semeru Runtime Open Edition JDK 19","Skip-Splinter","non-LTS Semeru; LTS lines added instead"
"IBM Semeru Runtime Open Edition JDK 20","Skip-Splinter","non-LTS Semeru; LTS lines added instead"
"IBM Semeru Runtime Open Edition JDK 22","Skip-Splinter","non-LTS Semeru; LTS lines added instead"
"IBM Semeru Runtime Open Edition JRE 8 (LTS)","Add","Semeru LTS - free direct downloads (OpenJ9)"
"IBM Semeru Runtime Open Edition JRE 11 (LTS)","Add","Semeru LTS - free direct downloads (OpenJ9)"
"IBM Semeru Runtime Open Edition JRE 17 (LTS)","Add","Semeru LTS - free direct downloads (OpenJ9)"
"IBM Semeru Runtime Open Edition JRE 18","Skip-Splinter","non-LTS Semeru; LTS lines added instead"
"IBM Semeru Runtime Open Edition JRE 19","Skip-Splinter","non-LTS Semeru; LTS lines added instead"
"IBM Semeru Runtime Open Edition JRE 20","Skip-Splinter","non-LTS Semeru; LTS lines added instead"
"IBM Semeru Runtime Open Edition JRE 22","Skip-Splinter","non-LTS Semeru; LTS lines added instead"
"IcedTea-Web","Skip-Splinter","family collapsed to one packager (represented by 'OpenWebStart')"
"ImageGlass","Add","free direct download, enterprise-relevant; port target"
"iMazing Converter","Skip-Niche","consumer utility"
"Image-Line Software FL Studio","Skip-Licensed","licensed creative software"
"ImpExpPro","Skip-Niche","niche"
"Infix PDF Editor","Skip-Licensed","licensed PDF tools; free PDF stack covered elsewhere"
"Inkscape","Supported","existing packager: inkscape"
"Inmatrix Zoom Player Max","Skip-Niche","consumer media software"
"Install4j","Skip-Licensed","licensed"
"Intermedia Unite","Skip-Agent","UC/telephony clients provisioned per tenant"
"IrfanView","Add","free direct download, enterprise-relevant; port target"
"IronPython","Skip-Niche","niche runtime; CPython supported"
"IronPython 2.7","Skip-EOL","Python 2 era"
"IsoBuster","Skip-Licensed","licensed disc utilities"
"iZotope RX Advanced 10","Skip-Licensed","licensed creative software"
"Jabra Direct","Skip-Component","peripheral vendor utilities; low packaging value, frequent bundled updaters"
"JAM Software TreeSize Free","Supported","existing packager: treesizefree"
"JAWS 2025","Skip-Licensed","licensed assistive tech"
"JetBrains dotUltimate 2022","Skip-Licensed","paid JetBrains .NET tooling; license-gated activation"
"JetBrains dotUltimate 2023","Skip-Licensed","paid JetBrains .NET tooling; license-gated activation"
"JetBrains dotUltimate 2024","Skip-Licensed","paid JetBrains .NET tooling; license-gated activation"
"JetBrains ReSharper 2023.1","Skip-Licensed","paid JetBrains .NET tooling; license-gated activation"
"Joplin","Add","free direct download, enterprise-relevant; port target"
"JProfiler","Skip-Licensed","licensed"
"BCF Manager for Tekla","Skip-Component","Tekla add-in"
"KDiff3","Add","free direct download, enterprise-relevant; port target"
"KeePass Password Safe (Classic Edition)","Supported","existing packager: keepass"
"KeePassXC","Add","free direct download, enterprise-relevant; port target"
"Keeper","Skip-Agent","tenant password manager"
"KeeWeb","Skip-EOL","unmaintained since 2021"
"Kerio Connect","Skip-Agent","UC/telephony clients provisioned per tenant"
"KeyShot Studio","Skip-Licensed","licensed creative software"
"KeyStore Explorer","Add","free direct download, enterprise-relevant; port target"
"KNIME Analytics Platform","Add","free direct download, enterprise-relevant; port target"
"Kobo","Skip-Niche","consumer media software"
"Kodu Game Lab","Skip-Niche","education vertical"
"Konnekt","Skip-Agent","UC/telephony clients provisioned per tenant"
"Kotobee Author","Skip-Niche","niche authoring tools"
"Kotobee Reader","Skip-Niche","niche authoring tools"
"Kovid Goyal Calibre","Add","free direct download, enterprise-relevant; port target"
"KPN Desktop Integratie","Skip-Niche","vertical/regional line-of-business software"
"Kreya","Add","free direct download, enterprise-relevant; port target"
"Krisp","Skip-Agent","account-provisioned audio agent"
"Krita","Add","free direct download"
"Lansweeper","Skip-Niche","server/scanner product, not endpoint app"
"Lark Deployment Tool","Skip-Niche","regional suite deployment shim"
"Laserbox basic","Skip-Niche","laser-cutter vertical"
"LastPass","Skip-Agent","tenant password manager"
"LEGO Education SPIKE","Skip-Niche","education vertical"
"Lenovo Accessories and Display Manager","Skip-Component","OEM device utilities; deploy via OEM tooling where hardware-matched"
"Lenovo Quick Clean","Skip-Component","OEM device utilities; deploy via OEM tooling where hardware-matched"
"Lens Desktop","Add","free direct download, enterprise-relevant; port target"
"Liberica JDK","Add","BellSoft Liberica - free direct downloads, LTS line"
"Lifelong Kindergarten Group Scratch","Skip-Niche","education vertical"
"LINQPad 5","Skip-Splinter","LINQPad 8 is current; licensed premium features - excluded"
"LiquidFiles Outlook Plugin","Skip-Component","server-tied Outlook plugin"
"Liquit Workspace Agent 3","Skip-Agent","workspace tenant agent"
"Local Administrator Password Solution","Add","free direct download, enterprise-relevant; port target"
"Logi Tune","Skip-Component","peripheral vendor utilities; low packaging value, frequent bundled updaters"
"Logitech Bolt","Skip-Component","peripheral vendor utilities; low packaging value, frequent bundled updaters"
"Logitech Camera Settings","Skip-Component","peripheral vendor utilities; low packaging value, frequent bundled updaters"
"Logitech Options","Skip-Component","peripheral vendor utilities; low packaging value, frequent bundled updaters"
"Logitech Presentation","Skip-Component","peripheral vendor utilities; low packaging value, frequent bundled updaters"
"Logitech SetPoint","Skip-Component","peripheral vendor utilities; low packaging value, frequent bundled updaters"
"Logitech Sync App","Skip-Component","peripheral vendor utilities; low packaging value, frequent bundled updaters"
"LogMeIn Client","Skip-Agent","LogMeIn/GoTo deployments are account-generated installers"
"LogMeIn GoToMeeting IT Installer","Skip-Agent","LogMeIn/GoTo deployments are account-generated installers"
"LogMeIn GoToMeeting multi-build Installer","Skip-Agent","LogMeIn/GoTo deployments are account-generated installers"
"LogMeIn Hamachi","Skip-Agent","LogMeIn/GoTo deployments are account-generated installers"
"LogMeIn Host","Skip-Agent","LogMeIn/GoTo deployments are account-generated installers"
"LogMeIn RemotelyAnywhere","Skip-Agent","LogMeIn/GoTo deployments are account-generated installers"
"LucaNet.Excel-Add-In","Skip-Niche","vertical/regional line-of-business software"
"LucidLink Classic","Skip-Agent","tenant-provisioned filespace client"
"Luna Modeler","Skip-Niche","niche modeler family"
"Macrobond","Skip-Niche","vertical/regional line-of-business software"
"Macrobond Viewer","Skip-Niche","vertical/regional line-of-business software"
"Mail Viewer","Skip-Niche","niche viewer"
"Malwarebytes","Supported","existing packager: malwarebytes"
"MariaDB Server 10.2","Skip-Splinter","family collapsed to one packager (represented by 'MariaDB Server 10.9')"
"MariaDB Server 10.3","Skip-Splinter","family collapsed to one packager (represented by 'MariaDB Server 10.9')"
"MariaDB Server 10.4","Skip-Splinter","family collapsed to one packager (represented by 'MariaDB Server 10.9')"
"MariaDB Server 10.5","Skip-Splinter","family collapsed to one packager (represented by 'MariaDB Server 10.9')"
"MariaDB Server 10.6","Skip-Splinter","family collapsed to one packager (represented by 'MariaDB Server 10.9')"
"MariaDB Server 10.7","Skip-Splinter","family collapsed to one packager (represented by 'MariaDB Server 10.9')"
"MariaDB Server 10.9","Add","one MariaDB Server packager tracking latest LTS"
"MatterControl","Skip-Niche","3D-printing consumer tool"
"Mattermost Desktop","Add","free direct download, enterprise-relevant; port target"
"Maxcut","Skip-Niche","woodworking vertical"
"MAXQDA 2020 Reader","Skip-Licensed","licensed research tools"
"Memento Desktop Edition","Skip-Niche","niche database tool"
"Mendeley Desktop","Skip-EOL","retired; Reference Manager (Add) replaces it"
"Mendeley Reference Manager","Add","free direct download"
"Mendix 9","Skip-Niche","low-code platform tooling, tenant-tied"
"Mersive Solstice Client","Skip-Niche","AV-room/casting vertical tools"
"Meta Quest Developer Hub","Skip-Niche","consumer/dev VR tooling"
"Meta Spark Player","Skip-EOL","Meta Spark discontinued 2025"
"Meteor Modeler","Skip-Niche","niche modeler family"
"Microsoft .NET Core 2.2","Skip-EOL",".NET 5/6/7 and Core 2.2 are end-of-life; 8 LTS/9/10 supported by existing packagers"
"Microsoft .NET Desktop Runtime 6.0","Skip-EOL",".NET 5/6/7 and Core 2.2 are end-of-life; 8 LTS/9/10 supported by existing packagers"
"Microsoft .NET Desktop Runtime 7.0","Skip-EOL",".NET 5/6/7 and Core 2.2 are end-of-life; 8 LTS/9/10 supported by existing packagers"
"Microsoft .NET Runtime 6.0","Skip-EOL",".NET 5/6/7 and Core 2.2 are end-of-life; 8 LTS/9/10 supported by existing packagers"
"Microsoft .NET Runtime 7.0","Skip-EOL",".NET 5/6/7 and Core 2.2 are end-of-life; 8 LTS/9/10 supported by existing packagers"
"Microsoft .NET SDK 9.0","Skip-Splinter","STS SDK; runtimes 8/9/10 supported, SDK deployment is a dev-box concern"
"Microsoft Access Database Engine 2016","Skip-EOL","legacy/retired Microsoft components or superseded era versions"
"Microsoft Active Directory Rights Management Service Client","Skip-EOL","legacy/retired Microsoft components or superseded era versions"
"Microsoft Analysis Management Objects","Skip-EOL","legacy/retired Microsoft components or superseded era versions"
"Microsoft Analysis Services ADOMD.NET","Skip-EOL","legacy/retired Microsoft components or superseded era versions"
"Microsoft Analysis Services OLE DB Provider","Skip-EOL","legacy/retired Microsoft components or superseded era versions"
"Microsoft ASP.NET Core Runtime 5.0","Skip-EOL",".NET 5/6/7 and Core 2.2 are end-of-life; 8 LTS/9/10 supported by existing packagers"
"Microsoft ASP.NET Core Runtime 6.0","Skip-EOL",".NET 5/6/7 and Core 2.2 are end-of-life; 8 LTS/9/10 supported by existing packagers"
"Microsoft ASP.NET Core Runtime 7.0","Skip-EOL",".NET 5/6/7 and Core 2.2 are end-of-life; 8 LTS/9/10 supported by existing packagers"
"Microsoft Azure CLI","Add","free direct download, enterprise-relevant; port target"
"Microsoft Azure Connected Machine Agent","Skip-Agent","onboarding-script provisioned (Arc)"
"Microsoft Azure Data CLI","Add","free direct download, enterprise-relevant; port target"
"Microsoft Azure Data Studio","Skip-EOL","retired Feb 2026"
"Microsoft Azure Information Protection client","Skip-EOL","legacy/retired Microsoft components or superseded era versions"
"Microsoft Azure PowerShell","Add","free direct download, enterprise-relevant; port target"
"Microsoft Azure Storage Explorer","Add","free direct download, enterprise-relevant; port target"
"Microsoft Bot Framework Composer","Skip-EOL","legacy/retired Microsoft components or superseded era versions"
"Microsoft Bot Framework Emulator","Skip-EOL","legacy/retired Microsoft components or superseded era versions"
"Microsoft Defender for Endpoint plug-in for WSL","Skip-Component","feature plug-in tied to Defender tenancy"
"Microsoft Deployment Toolkit (8456)","Skip-EOL","legacy/retired Microsoft components or superseded era versions"
"Microsoft Enterprise Mode Site List Manager","Skip-EOL","legacy/retired Microsoft components or superseded era versions"
"Microsoft ODBC Driver 13 for SQL Server","Skip-EOL","superseded twice over"
"Microsoft ODBC Driver 17 for SQL Server","Skip-Splinter","msodbcsql18 supported; 17 superseded"
"Microsoft OLE DB Driver 18 for SQL Server","Supported","msoledb packager (19 line)"
"Microsoft On-premises data gateway","Skip-EOL","legacy/retired Microsoft components or superseded era versions"
"Microsoft OneNote","Skip-Splinter","ships with M365 Apps (supported packagers)"
"Microsoft Power BI Desktop","Supported","existing packager: powerbi-desktop"
"Microsoft PowerShell Core","Supported","existing packager: powershell7"
"Microsoft PowerToys","Supported","existing packager: powertoys"
"Microsoft Purview Information Protection client","Skip-EOL","legacy/retired Microsoft components or superseded era versions"
"Microsoft Remote Desktop WebRTC Redirector","Skip-EOL","legacy/retired Microsoft components or superseded era versions"
"Microsoft Remote Help","Skip-Licensed","Intune add-on licensed feature"
"Microsoft Skype for Desktop","Skip-EOL","legacy/retired Microsoft components or superseded era versions"
"Microsoft Skype TX","Skip-EOL","legacy/retired Microsoft components or superseded era versions"
"Microsoft SQL Server 2012 Express with Advanced Services","Skip-EOL","2012-2017 era components out of/near end of support"
"Microsoft SQL Server 2012 Native Client","Skip-EOL","2012-2017 era components out of/near end of support"
"Microsoft SQL Server 2014 Express LocalDB","Skip-EOL","2012-2017 era components out of/near end of support"
"Microsoft SQL Server 2016 Report Builder","Skip-EOL","2012-2017 era components out of/near end of support"
"Microsoft SQL Server 2017 Express Advanced Edition","Skip-EOL","2012-2017 era components out of/near end of support"
"Microsoft SQL Server 2017 for Microsoft Windows Latest Cumulative Update","Skip-EOL","2012-2017 era components out of/near end of support"
"Microsoft SQL Server 2017 Reporting Services","Skip-EOL","2012-2017 era components out of/near end of support"
"Microsoft SQL Server 2022 Express Edition","Add","free direct download, current Express line"
"Microsoft SQL Server Management Studio 20","Supported","ssms packager tracks latest"
"Microsoft Surface Data Eraser","Skip-EOL","legacy/retired Microsoft components or superseded era versions"
"Microsoft Surface Diagnostic Toolkit for Business","Skip-EOL","legacy/retired Microsoft components or superseded era versions"
"Microsoft System CLR Types for SQL Server 2014","Skip-EOL","legacy/retired Microsoft components or superseded era versions"
"Microsoft Universal Print Connector","Skip-EOL","legacy/retired Microsoft components or superseded era versions"
"Microsoft Visio 2016 Viewer","Skip-EOL","legacy/retired Microsoft components or superseded era versions"
"Microsoft Visual C++ 2005 Redistributable","Skip-EOL","pre-2015 VC++ runtimes out of support"
"Microsoft Visual C++ 2008 Redistributable","Skip-EOL","pre-2015 VC++ runtimes out of support"
"Microsoft Visual C++ 2012 Redistributable","Skip-EOL","pre-2015 VC++ runtimes out of support"
"Microsoft Visual C++ 2015-2022 Redistributable","Supported","msvcruntimes packager (x64+x86)"
"Microsoft Visual Studio 2010 Tools for Office Runtime","Skip-EOL","legacy VSTO runtime"
"Microsoft Visual Studio 2022 Community","Skip-Wall","bootstrapper is free but channel/workload layout automation is its own project; Pro/Ent licensed"
"Microsoft Visual Studio 2022 Enterprise","Skip-Wall","bootstrapper is free but channel/workload layout automation is its own project; Pro/Ent licensed"
"Microsoft Visual Studio 2022 Professional","Skip-Wall","bootstrapper is free but channel/workload layout automation is its own project; Pro/Ent licensed"
"Microsoft Visual Studio Code","Supported","existing packager: vscode-system/user"
"Microsoft Visual Studio Team Explorer 2022","Skip-Wall","bootstrapper is free but channel/workload layout automation is its own project; Pro/Ent licensed"
"Microsoft Windows Admin Center","Add","free direct download (v2 GA)"
"Microsoft Windows Assessment and Deployment Kit (ADK) for Windows 10 update 1607","Skip-Splinter","old ADK builds; latest ADK added"
"Microsoft Windows Assessment and Deployment Kit (ADK) for Windows 10 update 1803","Skip-Splinter","old ADK builds; latest ADK added"
"Microsoft Windows Assessment and Deployment Kit (ADK) for Windows 10 update 1809","Skip-Splinter","old ADK builds; latest ADK added"
"Microsoft Windows Assessment and Deployment Kit (ADK) for Windows 10 update 1903","Skip-Splinter","old ADK builds; latest ADK added"
"Microsoft Windows Assessment and Deployment Kit (ADK) for Windows 10 update 2004","Skip-Splinter","old ADK builds; latest ADK added"
"Microsoft Windows Assessment and Deployment Kit (ADK) for Windows 11","Add","latest ADK direct from Microsoft"
"Microsoft Windows PE add-on for ADK for Windows 10 update 1809","Skip-Splinter","old ADK builds; latest ADK added"
"Microsoft Windows PE add-on for ADK for Windows 11","Add","WinPE addon pairs with latest ADK"
"Mitel miCollab","Skip-Agent","PBX-tenant provisioned"
"Mobirise","Skip-Niche","niche authoring tools"
"Mocha TN3270","Skip-Licensed","licensed terminal emulators"
"Mocha TN3812","Skip-Licensed","licensed terminal emulators"
"Mocha TN5250","Skip-Licensed","licensed terminal emulators"
"monday","Skip-Niche","thin Electron wrapper for a SaaS; web client is the product"
"MongoDB Compass","Add","free direct download; one packager, standard edition"
"MongoDB Compass Isolated Edition","Skip-Splinter","family collapsed to one packager (represented by 'MongoDB Compass')"
"MongoDB Compass Readonly Edition","Skip-Splinter","family collapsed to one packager (represented by 'MongoDB Compass')"
"Moon Modeler","Skip-Niche","niche modeler family"
"MOOS Project Viewer","Skip-Licensed","licensed viewer"
"Morphic","Skip-Niche","accessibility SaaS client (project wound down)"
"Mozilla Firefox","Supported","firefox packager (with language/arch variants)"
"Mozilla Firefox ESR 102","Skip-Splinter","family collapsed to one packager (represented by 'Mozilla Firefox ESR 115')"
"Mozilla Firefox ESR 115","Add","one firefox-esr packager tracking current ESR line"
"Mozilla FrontMotion Firefox Community Edition","Skip-Niche","community respins/legacy suite; upstream Firefox supported"
"Mozilla FrontMotion Firefox Community Edition ESR","Skip-Niche","community respins/legacy suite; upstream Firefox supported"
"Mozilla SeaMonkey","Skip-Niche","community respins/legacy suite; upstream Firefox supported"
"Mozilla Thunderbird","Supported","existing packager: thunderbird"
"mPollux DigiSign Client","Skip-Niche","vertical/regional line-of-business software"
"MSEndpointMgr Intune Debug Toolkit","Add","free community tool (GitHub), squarely in our audience"
"MSIX Core","Skip-EOL","for Win7/1709-era; irrelevant on Win10+ fleet"
"Multilogin","Skip-Licensed","subscription anti-detect browser"
"MuseScore 3","Skip-Splinter","MuseScore Studio 4 (Add) is current"
"MuseScore Studio 4","Add","free direct download, enterprise-relevant; port target"
"Nagstamon","Add","free direct download, enterprise-relevant; port target"
"NAPS2","Add","free direct download, enterprise-relevant; port target"
"NCPA","Skip-Agent","Nagios-configured agent"
"Nessus Agent 10","Skip-Agent","Tenable-linked agent"
"NetBird","Add","free direct download, enterprise-relevant; port target"
"NetLogo","Add","free direct download, enterprise-relevant; port target"
"NetSetMan","Skip-Licensed","licensed for business use"
"NETworkManager","Add","free direct download, enterprise-relevant; port target"
"New Relic Infrastructure Agent","Skip-Agent","license-key-enrolled agent"
"Nextcloud","Add","free direct download, enterprise-relevant; port target"
"NextivaONE","Skip-Agent","UC/telephony clients provisioned per tenant"
"Nitro Pro 11","Skip-Licensed","licensed PDF editor"
"Nitro Pro 13 (Retail)","Skip-Licensed","licensed PDF editor"
"Node.js 15","Skip-Splinter","old Node lines; latest LTS supported via nodejs packager"
"Node.js 17","Skip-Splinter","old Node lines; latest LTS supported via nodejs packager"
"Node.js 18 LTS","Skip-Splinter","old Node lines; latest LTS supported via nodejs packager"
"Node.js 19","Skip-Splinter","old Node lines; latest LTS supported via nodejs packager"
"Node.js 20 LTS","Skip-Splinter","old Node lines; latest LTS supported via nodejs packager"
"Node.js 21","Skip-Splinter","old Node lines; latest LTS supported via nodejs packager"
"Node.js 22 LTS","Supported","nodejs packager tracks latest LTS"
"NoMachine","Add","free direct download, enterprise-relevant; port target"
"NoMachine Enterprise Client","Skip-Splinter","NoMachine free client (Add) covers endpoint use"
"NoMachine Enterprise Desktop","Skip-Licensed","licensed server-side"
"NoMachine Fonts Others","Skip-Component","fonts sub-package"
"NordLayer","Skip-Agent","tenant VPN client"
"Notepad++","Supported","existing packager: notepadplusplus"
"NV Access NVDA","Add","free screen reader, direct download"
"NVIDIA GeForce Experience","Skip-Niche","consumer gaming utility; enterprise drivers already packaged (GeForce/RTX packagers)"
"NVivo 12","Skip-Licensed","licensed research tools"
"NVivo 13","Skip-Licensed","licensed research tools"
"NWEA Secure Testing Browser","Skip-Niche","education vertical"
"Obsidian","Add","free direct download, enterprise-relevant; port target"
"ocenaudio","Add","free direct download, enterprise-relevant; port target"
"Oh My Posh","Add","free direct download, enterprise-relevant; port target"
"OnSIP","Skip-Agent","UC/telephony clients provisioned per tenant"
"OpenAudible","Skip-Niche","consumer media software"
"OpenDNS Umbrella Roaming Client","Skip-Agent","org-keyed DNS agent"
"OpenJDK 11","Skip-Splinter","generic jdk.java.net builds; Temurin/Corretto/Zulu LTS cover OpenJDK"
"OpenJDK 16","Skip-EOL","non-LTS, archived"
"OpenJDK 17","Skip-Splinter","generic jdk.java.net builds; Temurin/Corretto/Zulu LTS cover OpenJDK"
"OpenJDK 21","Skip-Splinter","generic jdk.java.net builds; Temurin/Corretto/Zulu LTS cover OpenJDK"
"OpenLens","Add","free direct download, enterprise-relevant; port target"
"OpenShot Video Editor","Add","free direct download, enterprise-relevant; port target"
"OpenVPN","Add","free direct download, enterprise-relevant; port target"
"OpenVPN Connect","Skip-Splinter","OpenVPN community client packaged; Connect is profile-tenant oriented"
"OpenWebStart","Add","OpenWebStart free direct; IcedTea-Web folded into it"
"Oracle Java Runtime Environment Version 8","Skip-Wall","Oracle license/account terms; use Temurin/Corretto/Zulu instead"
"Oracle Java SE Development Kit 17","Skip-Wall","Oracle license/account terms; use Temurin/Corretto/Zulu instead"
"Oracle Java SE Development Kit 23","Skip-Wall","Oracle license/account terms; use Temurin/Corretto/Zulu instead"
"Oracle MySQL Connector Net 8.0","Add","free connector, direct download; one packager tracks latest"
"Oracle MySQL Connector NET 9","Skip-Splinter","covered by connector packager tracking latest"
"Oracle MySQL Installer 8 for Windows","Skip-Splinter","installer bootstrapper; connector packaged, server out of endpoint scope"
"OrcaSlicer","Add","free direct download, enterprise-relevant; port target"
"ownCloud Desktop Client","Add","free direct download, enterprise-relevant; port target"
"Pandoc","Add","free direct download, enterprise-relevant; port target"
"PaperCut MF","Skip-Wall","partner-delivered licensed"
"PaperCut Mobility Print","Add","free direct download, common print deployment"
"PaperCut NG","Skip-Licensed","licensed server product"
"Paperpile","Skip-Niche","SaaS wrapper"
"Parallels Client 18","Skip-Splinter","family collapsed to one packager (represented by 'Parallels Client 19')"
"Parallels Client 19","Add","free RAS client, direct download; one packager tracks latest"
"Parallels Toolbox","Skip-Licensed","subscription utility pack"
"Password Safe 3","Add","free open-source password manager, direct (GitHub)"
"Path Copy Copy","Add","free direct download, enterprise-relevant; port target"
"Pausit Launcher","Skip-Niche","regional wellness product"
"PDF Studio","Skip-Licensed","licensed PDF tools; free PDF stack covered elsewhere"
"PDF Studio Viewer","Add","free PDF tools with direct downloads"
"PDF24 Creator","Add","free PDF tools with direct downloads"
"PDFCreator","Add","free PDF tools with direct downloads"
"pdfFiller","Skip-Licensed","licensed PDF tools; free PDF stack covered elsewhere"
"PDFgear","Add","free PDF tools with direct downloads"
"PDFsam Basic","Add","free PDF tools with direct downloads"
"PDFsam Visual","Skip-Licensed","paid PDFsam edition"
"PDF-Tools","Skip-Licensed","licensed PDF tools; free PDF stack covered elsewhere"
"PDF-XChange PRO","Skip-Licensed","licensed PDF tools; free PDF stack covered elsewhere"
"PeaZip","Add","free direct download, enterprise-relevant; port target"
"PerformanceTest","Skip-Licensed","PassMark licensed"
"Perky Duck","Skip-Niche","education vertical"
"Pexip","Skip-Agent","UC/telephony clients provisioned per tenant"
"Pexip Infinity Connect","Skip-Agent","UC/telephony clients provisioned per tenant"
"pgAdmin 4","Supported","existing packager: pgadmin4"
"PicPick","Add","free direct download, enterprise-relevant; port target"
"Pidgin","Add","free direct download, enterprise-relevant; port target"
"Piriform CCleaner","Supported","existing packager: ccleaner"
"Piriform CCleaner Slim","Supported","existing packager: ccleaner"
"PL SQL Developer 15","Skip-Licensed","licensed"
"PLEdit 7","Skip-Niche","niche"
"PlanGrid","Skip-EOL","absorbed into Autodesk Build"
"Plex Media Player","Skip-Niche","consumer media software"
"Plex Media Server","Skip-Niche","consumer media software"
"Poll Everywhere","Skip-Niche","SaaS wrapper"
"Poly Lens Desktop App","Skip-Component","peripheral vendor utilities; low packaging value, frequent bundled updaters"
"Power BI ALM Toolkit","Add","free community tool, direct download"
"Preform","Skip-Niche","Formlabs printer vertical"
"PrinterLogic Printer Installer Client","Skip-Agent","tenant print management client"
"Private Internet Access","Skip-Licensed","subscription VPN"
"PrivadoVPN","Skip-Niche","consumer VPN"
"proCertum SmartSign SimplySign Desktop","Skip-Niche","vertical/regional line-of-business software"
"Project Plan 365","Skip-Licensed","subscription"
"Project Viewer 365","Skip-Licensed","subscription"
"Proton VPN","Add","free client, direct download"
"PRTG Desktop","Skip-Agent","server-tied client"
"PSPad","Add","freeware editor, direct download"
"Publish or Perish","Skip-Niche","academic niche utility"
"Puppet Development Kit","Skip-Niche","dev tooling, superseded by pdk gem workflows"
"Publisher Select 3","Skip-Niche","print-driver vertical"
"Putty","Supported","existing packager: putty"
"PuTTY CAC","Supported","existing packager: putty (CAC variant not needed)"
"Python 3.7","Skip-EOL","CPython line end-of-life"
"Python 3.8","Skip-EOL","CPython line end-of-life"
"Python 3.9","Skip-EOL","CPython line end-of-life"
"Python 3.10","Skip-Splinter","older CPython; latest supported via python packager"
"Python 3.11","Skip-Splinter","older CPython; latest supported via python packager"
"Python 3.12","Skip-Splinter","older CPython; latest supported via python packager"
"Python 3.13","Supported","python packager tracks latest release line"
"QGIS","Add","free direct download, enterprise-relevant; port target"
"QGIS LTR","Add","LTR line alongside QGIS latest (parallel lines legitimate)"
"QNAP Qsync","Skip-Component","NAS vendor utility"
"Qurentis","Skip-Niche","vertical/regional line-of-business software"
"R for Windows","Supported","existing packager: r"
"RadiAnt DICOM viewer","Skip-Licensed","licensed medical viewer"
"Rainmeter","Add","free direct download, enterprise-relevant; port target"
"Rancher Desktop","Add","free direct download, enterprise-relevant; port target"
"Rarlab WinRAR","Supported","existing packager: winrar"
"Raspberry Pi Imager","Add","free direct download, enterprise-relevant; port target"
"RBTools","Skip-Niche","ReviewBoard tooling niche"
"Red Hat OpenJDK","Skip-Wall","Red Hat downloads require a Red Hat account"
"Red Hat OpenJDK JRE","Skip-Wall","Red Hat downloads require a Red Hat account"
"ReluxDesktop","Skip-Niche","lighting design vertical"
"Remote Ripple","Skip-Licensed","paid TightVNC viewer companion"
"RenderDoc","Add","free direct download, enterprise-relevant; port target"
"REAPER","Skip-Licensed","licensed creative software"
"REV Hardware Client","Skip-Niche","robotics education vertical"
"RingCentral App","Skip-Agent","tenant UC client; MSI public but org-tied - borderline, excluded"
"RingCentral Phone","Skip-EOL","classic app retired for RingCentral App"
"Robo 3T","Skip-EOL","abandoned; MongoDB Compass (Add) replaces"
"RoboForm","Skip-Agent","account-tied password manager"
"Rocket.Chat","Add","free direct download, enterprise-relevant; port target"
"Royal TS 5","Skip-Licensed","licensed (free tier limited to 10 connections; license file activation)"
"Royal TS 6","Skip-Licensed","licensed (free tier limited to 10 connections; license file activation)"
"Royal TS 7","Skip-Licensed","licensed (free tier limited to 10 connections; license file activation)"
"RStudio 1.4","Skip-Splinter","old RStudio; latest supported"
"RStudio 2022","Skip-Splinter","old RStudio; latest supported"
"RStudio 2023","Skip-Splinter","old RStudio; latest supported"
"Rstudio 2024","Supported","rstudio packager tracks latest"
"RustDesk","Add","free direct download, enterprise-relevant; port target"
"RVTools","Add","free direct download, enterprise-relevant; port target"
"Salesforce CLI sf v2","Add","free direct download, enterprise-relevant; port target"
"Samsung Smart Switch","Skip-Component","OEM device utilities; deploy via OEM tooling where hardware-matched"
"Samsung Smart View","Skip-Component","OEM device utilities; deploy via OEM tooling where hardware-matched"
"Saola Animate","Skip-Niche","niche authoring tools"
"ScaleFT","Skip-EOL","absorbed into Okta Advanced Server Access"
"Screen InStyle","Skip-Component","Eizo monitor utility"
"ScreenBeam Conference","Skip-Niche","AV-room/casting vertical tools"
"ScreenCloud Player","Skip-Niche","digital signage vertical"
"ScreenToGif","Add","free direct download, enterprise-relevant; port target"
"Sejda PDF Desktop","Skip-Licensed","licensed PDF tools; free PDF stack covered elsewhere"
"SelfGuide Recorder","Skip-Niche","regional SaaS"
"SharePoint Online Management Shell","Add","free direct download, enterprise-relevant; port target"
"Shotcut","Add","free direct download, enterprise-relevant; port target"
"SHOTPlus 6","Skip-Niche","vertical/regional line-of-business software"
"SHOTPlus Tunnel","Skip-Niche","vertical/regional line-of-business software"
"SHOTPlus Underground","Skip-Niche","vertical/regional line-of-business software"
"SideQuest","Skip-Niche","consumer VR sideloader"
"Signiant App","Skip-Agent","tenant transfer client"
"Simon Tatham Putty","Supported","existing packager: putty"
"Simple Sticky Notes","Skip-Niche","consumer utility"
"Simplenote","Add","free direct download, enterprise-relevant; port target"
"Sketchup Pro 2024","Skip-Licensed","licensed CAD"
"Sketchup Pro 2025","Skip-Licensed","licensed CAD"
"Skillbrains LightShot","Skip-Niche","consumer screenshot tools; ShareX/Greenshot supported"
"Slido","Skip-Component","PowerPoint add-in tied to accounts"
"SMath Studio","Add","free direct download, enterprise-relevant; port target"
"SmartFTP Client","Skip-Licensed","licensed sync/FTP tools; free WinSCP/FileZilla-class covered"
"Smartsheet desktop app","Skip-Niche","SaaS wrapper"
"SnapCAD","Skip-Niche","education vertical"
"SnapGene Viewer","Skip-Niche","research vertical (registration wall)"
"Snagit 2018","Skip-Splinter","old Snagit years; and product is license-gated"
"Snagit 2019","Skip-Splinter","old Snagit years; and product is license-gated"
"Snagit 2020","Skip-Splinter","old Snagit years; and product is license-gated"
"Snagit 2021","Skip-Splinter","old Snagit years; and product is license-gated"
"Snagit 2023","Skip-Splinter","old Snagit years; and product is license-gated"
"Snagit 2024","Skip-Licensed","TechSmith license key required to use; trial-only unattended"
"Snapform Viewer","Skip-Niche","vertical/regional line-of-business software"
"Snapmaker Luban","Skip-Niche","3D-printer vendor tool"
"SnelStart","Skip-Niche","vertical/regional line-of-business software"
"SoapUI","Supported","existing packager: soapui"
"Softerra LDAP Administrator","Skip-Licensed","licensed"
"Softerra LDAP Browser","Add","free LDAP browser, direct download"
"Softland doPDF","Add","free PDF tools with direct downloads"
"SolarWinds Orion SDK","Skip-Niche","SDK for server suite"
"SonicWall Connect Tunnel","Skip-Agent","firewall-provisioned VPN"
"SonicWall NetExtender","Skip-Agent","firewall-provisioned VPN"
"Sophos Connect","Skip-Agent","firewall-provisioned VPN profile client"
"South River Technologies WebDrive","Skip-Licensed","licensed"
"Spark AR Player for Desktop","Skip-EOL","Meta Spark discontinued"
"Splashtop Business","Skip-Agent","account-generated deployment installers"
"Squirrels Reflector 3","Skip-Niche","AV-room/casting vertical tools"
"Squirrels Reflector 4","Skip-Niche","AV-room/casting vertical tools"
"SRWare Iron","Skip-Niche","niche Chromium fork"
"Steam","Skip-Niche","consumer media software"
"Stellarium","Add","free direct download, enterprise-relevant; port target"
"Storyboarder","Skip-Niche","niche authoring tools"
"Striata Reader","Skip-Niche","vertical/regional line-of-business software"
"SuperOffice WebTools","Skip-Agent","CRM tenant companion"
"SURF eduVPN Client","Skip-Niche","vertical/regional line-of-business software"
"SURFdrive","Skip-Niche","vertical/regional line-of-business software"
"Symphony Desktop Application","Skip-Agent","UC/telephony clients provisioned per tenant"
"SyncBackFree","Add","free edition, direct download"
"SyncBackPro","Skip-Licensed","licensed sync/FTP tools; free WinSCP/FileZilla-class covered"
"Synology Cloud Station Backup","Skip-EOL","replaced by Drive Client"
"Synology Cloud Station Drive","Skip-EOL","replaced by Drive Client (Add)"
"Synology Drive Client","Add","free client, direct download"
"Synology Evidence Integrity Authenticator","Skip-Niche","niche forensic tool"
"Sysprogs SmarTTY","Add","free direct download, enterprise-relevant; port target"
"Tabular Editor 2","Add","free direct download, enterprise-relevant; port target"
"TablePlus","Skip-Licensed","licensed DB GUI"
"Tableau Desktop 2022","Skip-Wall","Tableau downloads sit behind account/EULA wall (catalog itself is stuck on 2022/23)"
"Tableau Prep Builder 2022","Skip-Wall","Tableau downloads sit behind account/EULA wall (catalog itself is stuck on 2022/23)"
"Tableau Prep Builder 2023","Skip-Wall","Tableau downloads sit behind account/EULA wall (catalog itself is stuck on 2022/23)"
"Tailscale","Add","free direct download, enterprise-relevant; port target"
"Talkdesk","Skip-Agent","UC/telephony clients provisioned per tenant"
"TDP SecureAnyBox Agent","Skip-Agent","tenant PAM agent"
"TDP SecureAnyBox Launcher","Skip-Agent","tenant PAM companion"
"TeamCity","Skip-Niche","server product, not endpoint software"
"TeamDrive","Skip-Licensed","licensed sync"
"TeamSpeak client","Add","free direct download, enterprise-relevant; port target"
"TeamViewer Host","Supported","existing packager: teamviewerhost"
"TED Notepad","Skip-EOL","abandoned"
"TELUS Business Connect Phone","Skip-Agent","UC/telephony clients provisioned per tenant"
"Temperature Technology T-TEC","Skip-Niche","logger hardware vertical"
"Teracopy for Windows","Add","free direct download, enterprise-relevant; port target"
"TextExpander","Skip-Agent","account-tied SaaS client"
"TGRMN Software Bulk Rename Utility","Add","freeware (business use free), direct download"
"The Document Foundation LibreOffice 6.2","Skip-Splinter","old LibreOffice branches; latest still supported"
"The Document Foundation LibreOffice 6.3","Skip-Splinter","old LibreOffice branches; latest still supported"
"The Document Foundation LibreOffice 6.4","Skip-Splinter","old LibreOffice branches; latest still supported"
"The Document Foundation LibreOffice 7.4","Skip-Splinter","old LibreOffice branches; latest still supported"
"The Document Foundation LibreOffice 7.4 Help Pack","Skip-Splinter","old LibreOffice branches; latest still supported"
"The Document Foundation LibreOffice 7.5","Skip-Splinter","old LibreOffice branches; latest still supported"
"The Document Foundation LibreOffice 7.5 Help Pack","Skip-Splinter","old LibreOffice branches; latest still supported"
"The Document Foundation LibreOffice 7.5 SDK","Skip-Splinter","old LibreOffice branches; latest still supported"
"The Document Foundation LibreOffice 24","Supported","libreoffice packager tracks latest still"
"The Document Foundation LibreOffice 24 Help Pack","Supported","libreoffice packager tracks latest still"
"ThinkPad TrackPoint Keyboard II Software","Skip-Component","OEM device utilities; deploy via OEM tooling where hardware-matched"
"Thonny","Add","free direct download, enterprise-relevant; port target"
"Thycotic Application Control Agent","Skip-Agent","PAM agents tied to tenant infrastructure"
"Thycotic Directory Services Agent","Skip-Agent","PAM agents tied to tenant infrastructure"
"Thycotic Local Security Agent","Skip-Agent","PAM agents tied to tenant infrastructure"
"Tidio","Skip-Niche","SaaS wrapper"
"TightVNC","Add","free direct download, enterprise-relevant; port target"
"TI-Nspire CX CAS Student Software","Skip-Niche","education vertical"
"TI-Nspire CX Premium Teacher Software","Skip-Niche","education vertical"
"TI-SmartView CE-T","Skip-Niche","education vertical"
"Topaz SigPlusExtLite","Skip-Component","signature-pad driver component"
"TortoiseGit","Supported","existing packager: tortoisegit"
"TortoiseSVN","Supported","existing packager: tortoisesvn"
"TortoiseSVN ipv6","Skip-Splinter","variant build; tortoisesvn supported"
"TortoiseHg","Add","free direct download, enterprise-relevant; port target"
"TransIP STACK","Skip-Niche","vertical/regional line-of-business software"
"Tribler","Skip-Niche","consumer media software"
"Trimble Connect","Skip-Niche","construction vertical"
"TSPrint Client","Skip-Component","server-paired printing client"
"Turbo Studio","Skip-Licensed","licensed app-virt studio"
"Turbo.net Desktop","Skip-Agent","tenant streaming client"
"TurboVNC","Add","free direct download, enterprise-relevant; port target"
"Typora","Add","free direct download, enterprise-relevant; port target"
"UEStudio","Skip-Licensed","licensed IDM/UltraEdit family"
"UltraCompare","Skip-Licensed","licensed IDM/UltraEdit family"
"UltraFinder","Skip-Licensed","licensed IDM/UltraEdit family"
"UltraFTP","Skip-Licensed","licensed IDM/UltraEdit family"
"Ultimaker Cura","Add","free direct download, enterprise-relevant; port target"
"UltraMon","Skip-Licensed","licensed IDM/UltraEdit family"
"UltraVNC","Add","free direct download, enterprise-relevant; port target"
"UltraViewer","Skip-Niche","consumer remote tool"
"UNIVERGE BLUE CONNECT","Skip-Agent","UC/telephony clients provisioned per tenant"
"Unity Hub","Add","free direct download, enterprise-relevant; port target"
"UrBackup Client","Add","free direct download, enterprise-relevant; port target"
"Vagrant","Add","free direct download, enterprise-relevant; port target"
"VariCAD","Skip-Licensed","licensed CAD (viewer added separately)"
"VariCAD Viewer","Add","free direct download, enterprise-relevant; port target"
"VeraCrypt","Add","free direct download, enterprise-relevant; port target"
"VEXcode IQ 3","Skip-Niche","education vertical"
"VEXcode V5","Skip-Niche","education vertical"
"VideoScribe","Skip-Licensed","licensed creative software"
"Vim","Supported","existing packager: vim"
"Visual Paradigm Project Viewer","Skip-Licensed","licensed suite viewer"
"VMware Horizon Client 4.5","Skip-Splinter","old Horizon Client builds; latest tracked by one packager"
"VMware Horizon Client 4.6","Skip-Splinter","old Horizon Client builds; latest tracked by one packager"
"VMware Horizon Client 4.7","Skip-Splinter","old Horizon Client builds; latest tracked by one packager"
"VMware Horizon Client 4.8.1","Skip-Splinter","old Horizon Client builds; latest tracked by one packager"
"VMware Horizon Client 5.0","Skip-Splinter","old Horizon Client builds; latest tracked by one packager"
"VMware Horizon Client 5.2","Skip-Splinter","old Horizon Client builds; latest tracked by one packager"
"VMware Horizon Client 5.3","Skip-Splinter","old Horizon Client builds; latest tracked by one packager"
"VMware Horizon Client 5.4.2","Skip-Splinter","old Horizon Client builds; latest tracked by one packager"
"VMware Horizon Client 5.4.3","Skip-Splinter","old Horizon Client builds; latest tracked by one packager"
"VMware Horizon Client 5.5","Skip-Splinter","family collapsed to one packager (represented by 'VMware Horizon Client 2209')"
"VMware Horizon Client 2006","Skip-Splinter","old Horizon Client builds; latest tracked by one packager"
"VMware Horizon Client 2012","Skip-Splinter","old Horizon Client builds; latest tracked by one packager"
"VMware Horizon Client 2103","Skip-Splinter","old Horizon Client builds; latest tracked by one packager"
"VMware Horizon Client 2209","Add","one Omnissa Horizon Client packager tracking latest"
"VMware Horizon View Client 3.5","Skip-Splinter","old Horizon Client builds; latest tracked by one packager"
"VMware Horizon View Client 5.4","Skip-Splinter","old Horizon Client builds; latest tracked by one packager"
"voidtools Everything","Supported","existing packager: everything"
"voidtools Everything Lite","Skip-Splinter","everything packager covers the full build"
"VSCodium","Add","free direct download, enterprise-relevant; port target"
"Waterfox","Skip-Niche","niche browser; major engines covered"
"Waterfox Classic","Skip-EOL","legacy branch"
"Wazuh Agent","Skip-Agent","manager-enrolled security agent"
"Webstorm 2022.2","Skip-Splinter","old WebStorm years; latest tracked"
"WebStorm 2024","Add","JetBrains free direct download; tracks latest"
"Western Digital Dashboard","Skip-Component","OEM device utilities; deploy via OEM tooling where hardware-matched"
"Wildix Collaboration","Skip-Agent","UC/telephony clients provisioned per tenant"
"Win10Pcap","Skip-EOL","superseded by Npcap (licensed for redistribution)"
"Wind Financial Terminal","Skip-Niche","vertical/regional line-of-business software"
"WinDirStat","Supported","existing packager: windirstat"
"Windows 10 Codec Pack","Skip-Niche","consumer media software"
"WinMerge","Supported","existing packager: winmerge"
"WinSCP","Supported","existing packager: winscp"
"WireGuard","Add","free direct download, enterprise-relevant; port target"
"Wireshark 4.4","Supported","existing packager: wireshark"
"WiX Toolset 3","Skip-Splinter","v3 legacy; modern WiX is a dotnet tool"
"WizTree","Skip-Wall","direct download link now serves an HTML page (verified 2026-08-31)"
"Wrike","Skip-Niche","SaaS wrapper"
"Xamarin Mono for Windows","Skip-EOL","Mono handed to WineHQ; Xamarin retired"
"Xink Client AD","Skip-Agent","tenant signature management"
"XMind 2020","Skip-Licensed","licensed mind-mapping, old years listed"
"XMind 2021","Skip-Licensed","licensed mind-mapping, old years listed"
"XMind 2022","Skip-Licensed","licensed mind-mapping, old years listed"
"XMind Ltd XMind 2020","Skip-Licensed","licensed mind-mapping, old years listed"
"XMind Ltd XMind 2021","Skip-Licensed","licensed mind-mapping, old years listed"
"XnSoft XnConvert","Skip-Splinter","family collapsed to one packager (represented by 'XnSoft XnView MP')"
"XnSoft XnShell","Skip-Splinter","family collapsed to one packager (represented by 'XnSoft XnView MP')"
"XnSoft XnView Extended","Skip-Splinter","family collapsed to one packager (represented by 'XnSoft XnView MP')"
"XnSoft XnView Minimal","Skip-Splinter","family collapsed to one packager (represented by 'XnSoft XnView MP')"
"XnSoft XnView MP","Add","one XnView MP packager (free for private/edu; classic freeware image tools)"
"XnSoft XnView Standard","Skip-Splinter","family collapsed to one packager (represented by 'XnSoft XnView MP')"
"Yubico Authenticator","Add","free direct download, enterprise-relevant; port target"
"Yubico PIV Tool","Add","free direct download, enterprise-relevant; port target"
"YubiKey Manager CLI","Add","free direct download, enterprise-relevant; port target"
"ZAC","Skip-Component","Zultys UC tenant client"
"ZBrush","Skip-Licensed","licensed creative software"
"Zeal","Add","free direct download, enterprise-relevant; port target"
"Zello","Skip-Agent","UC/telephony clients provisioned per tenant"
"Zivver Office Plugin","Skip-Agent","tenant secure-mail plugin"
"Zoho WorkDrive","Skip-Agent","tenant sync client"
"Zoom Client for Meetings","Supported","zoom packager (Zoom Workplace)"
"Zoom Player","Skip-Component","plugins/VDI/room variants; core client supported"
"Zoom Player Max","Skip-Component","plugins/VDI/room variants; core client supported"
"Zoom Plugin for Microsoft Outlook","Skip-Component","plugins/VDI/room variants; core client supported"
"Zoom Plugin for Skype for Business","Skip-Component","plugins/VDI/room variants; core client supported"
"Zoom Plugin for Windows Virtual Desktop Client","Skip-Component","plugins/VDI/room variants; core client supported"
"Zoom Rooms","Skip-Component","plugins/VDI/room variants; core client supported"
"Zoom VDI Universal Plugin","Skip-Component","plugins/VDI/room variants; core client supported"
"Zorus Archon Agent","Skip-Agent","MSP-keyed filtering agent"
"Zotero","Add","free direct download, enterprise-relevant; port target"
"Zscaler Client Connector 3.6","Skip-Agent","tenant-provisioned connector; portal download tied to org"
"Zscaler Client Connector 3.9","Skip-Agent","tenant-provisioned connector; portal download tied to org"
"Zscaler Client Connector 4.0","Skip-Agent","tenant-provisioned connector; portal download tied to org"
"Zscaler Client Connector 4.1","Skip-Agent","tenant-provisioned connector; portal download tied to org"
"Zscaler Client Connector 4.3","Skip-Agent","tenant-provisioned connector; portal download tied to org"
"Zscaler Client Connector for VDI","Skip-Agent","tenant-provisioned connector; portal download tied to org"
"Zulip","Add","free direct download, enterprise-relevant; port target"
"Zulu JDK 6 (LTS)","Skip-Splinter","non-LTS/ancient Zulu; LTS lines added instead"
"Zulu JDK 7 (LTS)","Skip-Splinter","non-LTS/ancient Zulu; LTS lines added instead"
"Zulu JDK 8 (LTS)","Add","Azul Zulu LTS - free direct downloads, third LTS vendor line"
"Zulu JDK 9 (STS)","Skip-Splinter","non-LTS/ancient Zulu; LTS lines added instead"
"Zulu JDK 10 (STS)","Skip-Splinter","non-LTS/ancient Zulu; LTS lines added instead"
"Zulu JDK 11 (LTS)","Add","Azul Zulu LTS - free direct downloads, third LTS vendor line"
"Zulu JDK 12 (STS)","Skip-Splinter","non-LTS/ancient Zulu; LTS lines added instead"
"Zulu JDK 13 (MTS)","Skip-Splinter","non-LTS/ancient Zulu; LTS lines added instead"
"Zulu JDK 15 (MTS)","Skip-Splinter","non-LTS/ancient Zulu; LTS lines added instead"
"Zulu JDK 16 (STS)","Skip-Splinter","non-LTS/ancient Zulu; LTS lines added instead"
"Zulu JDK 17 (LTS)","Add","Azul Zulu LTS - free direct downloads, third LTS vendor line"
"Zulu JDK 18 (STS)","Skip-Splinter","non-LTS/ancient Zulu; LTS lines added instead"
"Zulu JDK 20 (STS)","Skip-Splinter","non-LTS/ancient Zulu; LTS lines added instead"
"Zulu JRE 7 (LTS)","Skip-Splinter","non-LTS/ancient Zulu; LTS lines added instead"
"Zulu JRE 8 (LTS)","Add","Azul Zulu LTS - free direct downloads, third LTS vendor line"
"Zulu JRE 11 (LTS)","Add","Azul Zulu LTS - free direct downloads, third LTS vendor line"
"Zulu JRE 12 (STS)","Skip-Splinter","non-LTS/ancient Zulu; LTS lines added instead"
"Zulu JRE 13 (MTS)","Skip-Splinter","non-LTS/ancient Zulu; LTS lines added instead"
"Zulu JRE 15 (MTS)","Skip-Splinter","non-LTS/ancient Zulu; LTS lines added instead"
"Zulu JRE 17 (LTS)","Add","Azul Zulu LTS - free direct downloads, third LTS vendor line"
"SpectraPDF (first-party, not in MS catalog)","Added-1.4.0.16","first-party PDF solution; the catalog carries 11 Foxit SKUs, we carry our own [ported, stage-verified 2026-08-31]"
